INSERT INTO person (id, name, birth_date, identification_document, email)
VALUES
    ('11111111-1111-1111-1111-111111111111', 'John Doe', '1990-01-15', 'ID001', 'john@example.com'),
    ('22222222-2222-2222-2222-222222222222', 'Jane Smith', '1985-05-20', 'ID002', 'jane@example.com'),
    ('33333333-3333-3333-3333-333333333333', 'Alice Johnson', '1995-03-10', 'ID003', 'alice@example.com'),
    ('44444444-4444-4444-4444-444444444444', 'Bob Brown', '1980-12-05', 'ID004', 'bob@example.com'),
    ('55555555-5555-5555-5555-555555555555', 'Eva White', '1987-08-25', 'ID005', 'eva@example.com'),
    ('66666666-6666-6666-6666-666666666666', 'David Lee', '1992-06-30', 'ID006', 'david@example.com'),
    ('77777777-7777-7777-7777-777777777777', 'Sophia Anderson', '1988-04-15', 'ID007', 'sophia@example.com'),
    ('88888888-8888-8888-8888-888888888888', 'Robert Taylor', '1998-02-18', 'ID008', 'robert@example.com'),
    ('99999999-9999-9999-9999-999999999999', 'Olivia Davis', '1989-11-08', 'ID009', 'olivia@example.com'),
    ('00000000-0000-0000-0000-000000000000', 'William Hall', '1993-07-22', 'ID010', 'william@example.com');


INSERT INTO people_skills (id, skill_level, observation, date_skill)
VALUES
    ('11111111-1111-1111-1111-111111111111', 'Beginner', 'Observation 1', '2023-01-15'),
    ('22222222-2222-2222-2222-222222222222', 'Intermediate', 'Observation 2', '2023-02-20'),
    ('33333333-3333-3333-3333-333333333333', 'Advanced', 'Observation 3', '2023-03-10'),
    ('44444444-4444-4444-4444-444444444444', 'Beginner', 'Observation 4', '2023-04-05'),
    ('55555555-5555-5555-5555-555555555555', 'Intermediate', 'Observation 5', '2023-05-25'),
    ('66666666-6666-6666-6666-666666666666', 'Advanced', 'Observation 6', '2023-06-30'),
    ('77777777-7777-7777-7777-777777777777', 'Beginner', 'Observation 7', '2023-07-15'),
    ('88888888-8888-8888-8888-888888888888', 'Intermediate', 'Observation 8', '2023-08-18'),
    ('99999999-9999-9999-9999-999999999999', 'Advanced', 'Observation 9', '2023-09-08'),
    ('00000000-0000-0000-0000-000000000000', 'Beginner', 'Observation 10', '2023-10-22');

INSERT INTO skill (id, description, observation, people_skills_id)
VALUES
    ('11111111-1111-1111-1111-111111111111', 'Skill 1', 'Skill Observation 1', '11111111-1111-1111-1111-111111111111'),
    ('22222222-2222-2222-2222-222222222222', 'Skill 2', 'Skill Observation 2', '22222222-2222-2222-2222-222222222222'),
    ('33333333-3333-3333-3333-333333333333', 'Skill 3', 'Skill Observation 3', '33333333-3333-3333-3333-333333333333'),
    ('44444444-4444-4444-4444-444444444444', 'Skill 4', 'Skill Observation 4', '44444444-4444-4444-4444-444444444444'),
    ('55555555-5555-5555-5555-555555555555', 'Skill 5', 'Skill Observation 5', '55555555-5555-5555-5555-555555555555'),
    ('66666666-6666-6666-6666-666666666666', 'Skill 6', 'Skill Observation 6', '66666666-6666-6666-6666-666666666666'),
    ('77777777-7777-7777-7777-777777777777', 'Skill 7', 'Skill Observation 7', '77777777-7777-7777-7777-777777777777'),
    ('88888888-8888-8888-8888-888888888888', 'Skill 8', 'Skill Observation 8', '88888888-8888-8888-8888-888888888888'),
    ('99999999-9999-9999-9999-999999999999', 'Skill 9', 'Skill Observation 9', '99999999-9999-9999-9999-999999999999'),
    ('00000000-0000-0000-0000-000000000000', 'Skill 10', 'Skill Observation 10', '00000000-0000-0000-0000-000000000000');

INSERT INTO people_skills_person (people_skills_id, person_id)
VALUES
    ('11111111-1111-1111-1111-111111111111', '11111111-1111-1111-1111-111111111111'),
    ('11111111-1111-1111-1111-111111111111', '22222222-2222-2222-2222-222222222222'),
    ('22222222-2222-2222-2222-222222222222', '33333333-3333-3333-3333-333333333333'),
    ('22222222-2222-2222-2222-222222222222', '44444444-4444-4444-4444-444444444444'),
    ('33333333-3333-3333-3333-333333333333', '55555555-5555-5555-5555-555555555555'),
    ('33333333-3333-3333-3333-333333333333', '66666666-6666-6666-6666-666666666666'),
    ('44444444-4444-4444-4444-444444444444', '77777777-7777-7777-7777-777777777777'),
    ('44444444-4444-4444-4444-444444444444', '88888888-8888-8888-8888-888888888888'),
    ('55555555-5555-5555-5555-555555555555', '99999999-9999-9999-9999-999999999999'),
    ('55555555-5555-5555-5555-555555555555', '00000000-0000-0000-0000-000000000000');

